cluster,keywords
Will USPS raise pay,Are postal workers getting a raise in 2022
Will USPS raise pay,Do non career USPS get raises
Will USPS raise pay,Do noncareer USPS get raises
Will USPS raise pay,Do USPS supervisors get raises
Will USPS raise pay,Do you get raises with USPS
Will USPS raise pay,Does USPS give raises
Will USPS raise pay,How many raises do you get at USPS
Will USPS raise pay,How often do USPS carriers get raises
Will USPS raise pay,How often do USPS employees get raises
Will USPS raise pay,How often do USPS workers get raises
Will USPS raise pay,How often do you get a raise at USPS
Will USPS raise pay,How often do you get raises at USPS
Will USPS raise pay,How often do you get raises with USPS
Will USPS raise pay,How often does USPS give a raise
Will USPS raise pay,Is USPS getting a raise in 2022
Will USPS raise pay,What is higher level pay USPS
Will USPS raise pay,Will PSE get a raise in 2022
Will USPS raise pay,Will USPS raise pay
How are postal workers paid,Can you get hired full time at USPS
How are postal workers paid,Can you make a career out of USPS
How are postal workers paid,Can you start full time at USPS
How are postal workers paid,How are postal workers paid
How are postal workers paid,How do you get hired at USPS
How are postal workers paid,How long is a shift at USPS
How are postal workers paid,How long is a typical USPS shift
How are postal workers paid,How much are USPS employees paid
How are postal workers paid,How much is a USPS paycheck
How are postal workers paid,How often does the post office get paid
How are postal workers paid,Is getting a job at USPS hard
How are postal workers paid,Is it easy to get hired at USPS
How are postal workers paid,Is working at a Post Office hard work
How are postal workers paid,What is the highest position in the USPS
How are postal workers paid,What is the highest salary in post office
How are postal workers paid,What is the lowest paying job at the post office
How are postal workers paid,What is the lowest salary in Post Office
How are postal workers paid,What time do post office workers start work
Is postman a government job,Is postman a government job
Is postman a government job,Is Postman a government job
Is postman a government job,Is there any exam for Postman
Is postman a government job,Is there any exam for postman
Is postman a government job,What is qualification for Postman
Is postman a government job,What is the age limit for Postman
Is postman a government job,What is the age limit for postman
Is postman a government job,What is the qualification of Postman
Is postman a government job,What skills are needed for Postman
What is the pay scale of Postman,What is in hand salary of Postman
What is the pay scale of Postman,What is the highest salary of postman
What is the pay scale of Postman,What is the highest salary of Postman
What is the pay scale of Postman,What is the maximum salary of Postman
What is the pay scale of Postman,What is the monthly income of Postman
What is the pay scale of Postman,What is the pay scale of Postman
What is the pay scale of Postman,What is the salary of government Postman
What is the pay scale of Postman,What is the starting salary of Postman
What is Sunday premium pay,Do USPS supervisors get Sunday premium
What is Sunday premium pay,Do you get paid extra for night work USPS
What is Sunday premium pay,How much is night differential pay for USPS
What is Sunday premium pay,What does night work mean USPS
What is Sunday premium pay,What is night premium pay at USPS
What is Sunday premium pay,What is Sunday premium pay
What is Sunday premium pay,What is Sunday premium pay at USPS
What is Sunday premium pay,What is Sunday premium pay USPS
Is USPS paid training,Can I wear jeans to USPS orientation
Is USPS paid training,Do you get paid during USPS training
Is USPS paid training,Do you get paid for orientation and training at USPS
Is USPS paid training,Does USPS pay during training
Is USPS paid training,How long is training for USPS
Is USPS paid training,How long is USPS orientation
Is USPS paid training,How many hours is USPS orientation
Is USPS paid training,Is USPS paid training
Is USPS a GS scale,Does USPS increase salary
Is USPS a GS scale,Is USPS a GS scale
Is USPS a GS scale,What grade level is a mail handler
Is USPS a GS scale,What GS level is a letter carrier
Is USPS a GS scale,What is a level 8 at USPS
Is USPS a GS scale,What is Level 6 pay USPS
Is USPS a GS scale,What is Level 7 pay USPS
Is USPS a GS scale,What is USPS government grade